"0x0061f57ab4d65dff3eea7ffeabc2e8f26a3685cf","17729047243",
"0x013c917192d9e62962ae77b8a456a73b5d7fb213","1000000000",
"0x01b7c65be2573b573bdb33c18ffce723d0911c11","1354513131",
"0x022a2490d379c1cfc683f43f51fb719def598a19","1200000000",
"0x02769327509d43ba4e9ceb9df6161ebd9a7caca9","2290000000",
"0x02a6b56fcbd00de86c8af2eb4b10c137f4b38a33","20793937529",
"0x03817d54dc8e30af056fd86f13e02bbfabfbf9bb","24138606600",
"0x038f26e732c2d413d898c3ab407df67fe3766fc5","5312666502",
"0x04292685de0f9895eeb078d5d127751a95f6b61c","15180189566",
"0x0455f84bb7174b0f970470437c3213fe6103fcf5","1962968812",
"0x04f07740092297889752ba2817005cee5de27f55","1095000000",
"0x05e160efccdc05de63d0a14414d7198c72fcbf94","2000000000",
"0x066125cab0a3f58b020a6761bf1b01de1a40479f","58790000000",
"0x0793d7db1b5b8c5915a3353a5050c63b4c628f11","1918056371",
"0x07a3e2f30e5efbad55268ad48552a5a8b8fb38c5","100117763693",
"0x07dc5f9a00b4a845406e3a479d27cec103cf9ecc","1380000000",
"0x0832e4069324889086f30e08de8f3577e2e6f95d","1000000000",
"0x083b42a752db335781c7a6882d30856f47e12e01","11482047072",
"0x08b4b3e8d2427c9d42d29485c33980fb2dd6ead8","1000000000",
"0x09547af507004824c5df0abe4bc29161e686b889","19000000000",
"0x09781e8c68a42036e7b3467cdfb7eb5baae5dca2","343464765126",
"0x09b7eadfaed61822d52b89b550bea7012f0250a5","189045385150",
"0x09fc2d942c0a1e3e85697248ad49a361d4862a21","305370336145",
"0x0a27f25103eb09fde84e525a444c190bb399286f","10000000000",
"0x0a52220ac4c39752ee6848470e1878de842998e2","3800000000",
"0x0ad3f184b25495eddd52190795d65a4fd59c0be5","53519618014",
"0x0b01da932c1c811bb56263814178c2e11beb0da1","1000000000",
"0x0b4383a1c984207d17ec54f7141c085598ec83bd","628693682095",
"0x0be9e1c0b88f217e74dde78aa228067897456d08","350000000000",
"0x0c941f014f56ee35ae9fdfa0b68e837908e1c0a8","3300000000",
"0x0cc510b35217b90e76603f2d48985ae491901966","1000000000",
"0x0e6ab7989eed5f67b1e76a8a0690d0aa5ce39e71","2000000000",
"0x0eea83442feb4a49bd5271b573ed46f764dcd162","11660007473",
"0x0fd3fdfef8fe0a26b0097349b4f37bb86c6707cc","320000000000",
"0x1008dd81a8ba256fb639b091af0b9be3760b8874","38888888888",
"0x114f27b0e57f0483a14290a91389f3ce6db2d3d8","1065000000",
"0x1206905a8ae540a61d4770f4bc30ced56ebeec5e","2000000000",
"0x125f1f8f5ab10e7a2c01055ab10b65468c98d834","3500000000",
"0x1269ab2599906b1fa418f68495707a8abe47c758","680000080000",
"0x13e420fc1e1313e53e1e054cbc9223fa009904e3","1440000000",
"0x142cb72d3d2c3fb1366f260cf6dd8db07fbf0888","1753512475",
"0x145566e21c6d48fc11d8023b15efef462bc4d11f","14469602585",
"0x147f8ef92dbf0fa04354d432f29dd2860faa7002","8037726778",
"0x14ffea6c0d27b4eec3276d47c6eaac89dce590fb","148993418651",
"0x15344d3f65d6bf10dab0c64547fa78ae3de55019","4000000000",
"0x1584d4d55f7489d15ed881ab8fafe5ea29064ac9","100000000000",
"0x1693fd1e81ce427f1e006ef741ba1944dea23510","5814192428",
"0x16a30bb4df8f5266a7f5daf15545522b9077339e","2154321841",
"0x16af661974fa31604fdae88b5d77686a63e449f0","2754571854",
"0x16b36322232e305dc67efb6f855c08e1a09aea8c","3474461288",
"0x173a93f8405277a6cca77681cb3df52f8ebebec7","50000000000",
"0x175bd27f4690d23d11ef984e03cd420fd0e0e1e3","1000000000",
"0x17735c052bcad3822b05ad71aeefbf22f4268206","1929128251",
"0x189da6b4c5641ad6dad9068afe4f37cbb07a07da","3481989385",
"0x18a2c135c74b9ed62c1ed4d922a8ccc0ee4c850a","20054122052",
"0x19e94134d88f39bb13004e1f6eae793031de80bc","1245548601",
"0x1a6a72739cc85452d5963813b0ffd26135f29f66","1020000000",
"0x1ce95bec94e2c681ab35053066f73ddcc5025c12","20116429467",
"0x1dcb35923ac99c814afb65410caa0566d56f11db","1613502574",
"0x1e61a513ff93c3e63008068e00fc76a5d916fa90","386074875075",
"0x1e7ef876b845342b0090807a91362961bfd64e3a","1410000000",
"0x1e99b2334a88994fae8dcd09c75387eb107edf02","861465684422",
"0x1ecc8e207c8f2bd844ef48f3ac7e7db8db3329b5","18014157244",
"0x1f4fb43809d08bfe1d46503c6d44757c459e8fab","2633964682",
"0x1f9800e5dbd6828a27a112fa6088804ce507537d","31102053963",
"0x1fa8423d24e5fd4413a2513214ab99245cf680c0","2000000000",
"0x200465811b616cc3b5e92a24c62f808ce179da9f","2000000000",
"0x213e6669a132e31c9ebbf383b245a3bc01d30f0b","5800000000",
"0x2223dc9784bb8963a3581b947944bd27f526c892","3960077311",
"0x228ee209bca47aecb6360255a99d9bfd16a0689c","1931300893",
"0x22c0c11942e00ae4511ae5a7bd8f48324cc34a84","16866531659",
"0x232acf30e333cdf505110245bf643ba2732b62d8","10000000005",
"0x24f0998c475d5e906582017308a6be8b467250c9","8000000000",
"0x24f6901d3f7218e965126ab7c4c703ea6e4fe93f","2000000000",
"0x256bdcf7650d93f66c8ada23d94919e5f330f199","1000000000",
"0x25ee726bd2a2aa529fead2927d8c652953dd999f","2400000000",
"0x2628307111a8ecf54bd172985f41c06420f83193","623051626932",
"0x263bf3a988b155c6cb6d642a5ed477eb00282ef8","67910512857",
"0x275ed9fa5f828533792ee317416bd16e4de383f0","1755421683",
"0x27c487b71e31ade8f3bdd9cae4311b557c13fcc1","22433166958",
"0x28391f2870cd9c8d39487f6d16bbee85229e32ee","10000000000",
"0x29f3d1b219f4db81bd8e1e8cecfd04d229eda3a9","8810000000",
"0x2aaf6a18777e3ea92c35dde9a23a8328e8e30895","1109093381",
"0x2abf49eed536f3b7007880a2c1f58c0d73e2d196","20531646598",
"0x2ac9220b88b0254a0a645246d60b9079b15a0ab3","2166253135785",
"0x2aebd6696c62995f30c8ed6f9f5402b75a39f74e","4500000000",
"0x2b3cdbc4281da6f538d81e07826bd0d47b768063","4176625262",
"0x2b6e2f53fd61497d034b5971f5a6fe6c4544823f","9005136000",
"0x2bcd56d6aec08e6eb51ea061e85628c6143fd284","176920405321",
"0x2be3e224329ea7e0bbcce0a3a7d0a858a39af1f0","36585627828",
"0x2c45f17919e96cba85b916fee2a29cff71442e01","982863885596",
"0x2c9cd9c3daf709826146f906e4c81b2781afb21f","3217901929",
"0x2d38adba3153cee75658a2f91eecbd9b33b8e2eb","11980744297",
"0x2f395bf038805fac54f53c05fb851cc67a117848","3553773205",
"0x2faf27de8d332e8768b3a64f63fcb5b85526ba25","11763253289",
"0x300424ec105136599f24aab79f1d9522713c451b","1410000000",
"0x3199215270ba1c08a2cee5447e7562a9700e2b71","1207126662",
"0x32ada534509144c7976f8f4fe6ed5a0cff3bc90a","162816013172",
"0x32b4c7aacfae8c41919998133b5467513a7219d2","5404703205",
"0x35cbf9a9ee391ca9396576243e94150bb09e52cc","50000000000",
"0x3623403bb21d58a8d1b1f80eb37d3f5b3fa85e96","210000000000",
"0x363c680af206c9cf18c5a5415647f8337b808359","4495514190",
"0x37e593ca3493a563e55bd739e5968b99b2aafe31","1320000000",
"0x380fb0e868ef55edac9b833d10cc2e4f6d8d1601","2235897621",
"0x383c8b24f0f434d17f434f604eacfa5bbd0e90b8","13808020046",
"0x3895c912548e8eaf66d7992271f53c4ebf45d2fb","300000000000",
"0x3a3fc12a3591dd1afd91d94c3da15994dc1d2870","22203378750",
"0x3aa62bb4901870fcb5750ef1b5f8852f82b82e50","3000000000",
"0x3b37f793f0196202aea5db8edb63b2cbf885dffd","1480000000",
"0x3c000422dcd449b1609d99564160a5a7f09c3dea","27554756084",
"0x3ce0106e818b9a55900b339f5ae151e6711da8e3","1440000000",
"0x3d5da31074b7709eb398405a89bd2f5bb894a94a","10004913759",
"0x3d6980920f0da9788ceba5318e48cdd6eb84913f","68601266040",
"0x3de901d1a3338099c6e9566957085adf78e07659","1350000000",
"0x3e3808c5460a18d3a34fb5c5dcf10c9635bb22c5","17723139224",
"0x3e4e1e0b672704fafeaf331047f5bf15728f5571","50000000000",
"0x3eaef4b7232cebcc061e26d9b9a98583b572caa8","6224774956",
"0x3f2d5bc71a2d0bf21d4a779aae47c496641b7dd5","30626683538",
"0x4051fa272945070e355623dd4ea224521736ae56","131361675882",
"0x40718fb4009d073f4b0e709013489109c968483a","10000000000",
"0x409dccf198b1acafa1f229449949cc5d8756ab42","2000000000",
"0x41805ca98a75c1ba907eba43657e057023ddb460","1035775873679",
"0x4197f8dad3650db13f761a5d5d873a465495aa45","1320000000",
"0x41bad12412561b97a91e9f6b5c1699ce25067739","1736953235",
"0x41f8538c8808a3a7138381bfbbaf1d40d794be03","1200000000",
"0x435347a7ff4eb3e072cb0c03eb53bf7b94f88d11","19333269098",
"0x4387d911b443b0a288d3a1c6de9d8b201f7a8d6e","1284674806",
"0x4401f460fcce8e58cec774452b4ff4d627f62216","3000000000",
"0x44636cff396e0ca47d984cf0544d20bd0920ed6a","1500000000",
"0x44df6c80d3c39d84bdf8978bf9268dbf02d92897","23279195367",
"0x44ec0021f4fa0444b7615cb053cd3417333b43fa","1000000000",
"0x45f1b261b4228cba4b0806e072637ae64eeec671","1376823753",
"0x462ff3a0f01aa529525c1060090c8888cd74dccc","1365000000",
"0x4646d8b71decf5b05f738a35c42bc12f939d759e","1180750989",
"0x46cbcd5e00bcdf7dceaae309b36cdc4859816056","64128339527",
"0x476efa89aa603d6e6097cbf8c0b7f79de3089839","7915593773",
"0x484f857e12932382291db42b97948ae5d077916c","97240716979",
"0x48e76b75580699991c852b7055316ed2c83f0b91","32659056988",
"0x4919be7db8312d506b73ba7d930c986a2a711c7c","1580000000",
"0x495420e9a10f62105d27bb8d8517ff4e5f60ef1c","1532278556",
"0x4a4852aba104fb2de6a698f41dadd2f64d25a6b5","1859403234",
"0x4a944e491d8b438ab89e81e06d56431b9d381426","1050000000",
"0x4b106156db905321b0a52665df7e7e331210d211","4256521474",
"0x4b5b1d6ee4cdfd053f4c54be3a95735e2aea4a5a","2142054117849",
"0x4d4c740f26f7fe47ed2f4f6be7d19cc039f29eda","1380000000",
"0x4e262e1a8cacd054189bfdb7b1e1c2f6344648de","3500000000",
"0x4e3487a85ec08950ccf2a07c89d32fd7aa9b3763","1718095630",
"0x500a91a338ca80356fcdd6696de78730ca106356","1000000000",
"0x508361ff562f9459fc902bcfebb4aad439ed4b1b","1410000000",
"0x50a52c2df4d89bce3606a446bc83a4dc67e4a10b","1350000000",
"0x513fd501b4da02126cf654498fc71c15fc99aaec","117629071149",
"0x51513b09270a4213f8443303e13b7eae5ba0ed9e","2000000000",
"0x524639f14f149e626e612dea920528e5b55ba9e3","11534708162",
"0x532e18be43cb9f8698b6b291aa5d2f916c51d00a","5508245457",
"0x533f7468ad307ee009dc206cea5e761f5dc3908c","16942982527",
"0x537760d4a5742be3d0cb0eaeb5f2968a8afe7e49","2737414165",
"0x539c1c5a3596c1861646f505d92f2630e28c8973","5825085351",
"0x53d0859e0b01c23fd19d4ee60f6dd4a24d400867","2000000000",
"0x544044099718b90397b0db5a26244ad6fa7a2051","2000000000",
"0x5483d6d659ab09a34cb9253bfff88dc954d5669c","96440024072",
"0x549ab7bc913437b563b5eee0cde3e2fb52a1ef0e","3032240000",
"0x5681ceb911c317e3f3079ee9b2c96928bc21084b","2125454173",
"0x5685d16f238ddac8192190de2f55683cf7f9403e","8173799911",
"0x57854972331cc3d71438270180e9e6b422d970a6","1555387423",
"0x584a29f9ebe6eaac6704af19e76101edf985c3f7","25000000000",
"0x587a84b0536b78e3b91551a5f15263926ffe614e","53125774100",
"0x58ef74fcb12c43c2d8dbcd13eb4911b33f6cc200","2888800000",
"0x5915d136b38442f3d139c98a972f8676bc9340e4","37954477550",
"0x596dc5fe61c95cc103c82acdfa5d70e915ecb027","2006000000",
"0x597492e853fcad73ca148573d0caed4ec7043612","1320000000",
"0x59ecba02bae5888f41874ebc014b3625e6edad76","5027369723",
"0x5b6567c0bd3c5b5d37e7cd6c562140d51fe5db99","2000000000",
"0x5bf9506467db664f0a129113528f5828f5413468","2000000000",
"0x5c48d9cc38b16c6cfd9452bfa06357f849a747a9","1090037038",
"0x5c48e708c6329edcd7db08c2560edfa3d3d9f9d4","51255000000",
"0x5c5988aa9d49a61a478516a42885e0f70a491a9b","1600000000",
"0x5cad87572aaa9618072396e49795ea694c277b85","2288579621",
"0x5db972d44805800afc002e03446b215c270e6288","1320000000",
"0x5e7e0985e86e6df9d76dbb30c2f1eca0ac775701","1200000000",
"0x5f43437143783d7b237f1f184a1ea0d78ebe6a60","30000000000",
"0x5f6c2a7442ca421b4d33126ccf8a8fa45bff8f2b","54689922835",
"0x5f763918d766969fb639a8bcfec3b4d60b9f2baa","1509827092",
"0x5fcf77bf6c8cc86c0a05a154d5547ff367ad6c1d","1480000000",
"0x60292817e06091e34e24a2cd946a858ae3ded2d1","22672901099",
"0x60738186132aa53832506b5c258daaa0c5eb0326","1040542777",
"0x608481a1fe511a91ace6ab4e850c80e385ed13f7","10097956064",
"0x609d08ee6ab22e413a95173a183e4c022b22c3ba","60141021241",
"0x60b7ac2da697261313c625b03b660ecd22b05f25","10662785480",
"0x60b7c5f8c467f55ff0e84fabf1f7c4c658db41dd","1100000000",
"0x60c3fa9f268600b89063e6c255f94de938c6913d","1200000000",
"0x6190c8faebb99fb3b539de49c38555d972fb937e","1000000000",
"0x61d8d2645575379031b689fa908249c06bc3edaf","76868131913",
"0x629b6254f957349e2aab8ee1ed4a25255c77e15b","156321000000",
"0x62b4cb1d4335eba49fb327bfb862ef96467e3086","3950000000",
"0x63146cf2d4465799bf0ddbb46317d2ee6e26cf24","28171230662",
"0x645250d736f5e559561f2a0ef3077016880937c2","13426797812",
"0x64c29b65f4109c661dafaf48c1b6be421bb68136","11119944841",
"0x654942f76bcb8fca955588eccb418bc2545e6de6","10540380159",
"0x663e754b697c361e790807ff7ae980fc4dd03d4f","1000000000",
"0x6689c0db76c1c764ddb150a27c6f50e6aca92707","1057613360",
"0x6698c9ae86c82518a8a14ce78b249360150dd487","2250000000",
"0x66b3b964e240ba1aa9c6fdcf5c678f90d797ef95","3535112744",
"0x66b98e82775339f64bb90c3845c2d9170de88e34","793800000000",
"0x67b081de90ff32b2c1857770f6a350f038300008","38964256067",
"0x67c486fe032daad1ff6830a686ac64e0e491ea98","10000000000",
"0x6863cfef80234fed1f0d152c539f4901f0317aa6","11204936346",
"0x6a7d0364beca58ef8fba2fd2957f4d304a1ee2cf","1080000000",
"0x6a813acb537b10d9d4cd8ff5f03489a39d53c88f","3500000000",
"0x6b628b8092b32807240183ddf998ffc4ca17f2b8","6214989256",
"0x6ba969b9ebef97456795d679b021f48c405cc240","1260000000",
"0x6bbd1a2fb153855900eb04c9ab875368c2d79e82","1852373251",
"0x6c20acb85bcf9de73ff4eb5e0c42a83f93faa1aa","1000000000",
"0x6c4b6992897db4229fe170bc1b3a7ccabd2bfa1e","13094133626",
"0x6c64a06462e019805478e7061f49ed567aebd195","30000000000",
"0x6cb9edbcb2e7a5cf658fb759498f14bc68a3f799","246706710868",
"0x6cbdb69b861ed7a0a0d494dc5b9476dc7a52cae6","1854785123",
"0x6d316b4073e744d93be778d28267ae9d16b471db","858491948619",
"0x6d760ca3db738dd2f2cbbb3c06bd1cba3127b18d","1340000000",
"0x6dab5c6bc68406d3c35e43ab47c65ddb3fca058f","40546031575",
"0x6dc0170064026c49e0a6392757eadd5eac634725","21413816010",
"0x6f22e7c83c421c1c6c9b001790189dd48d1adf5e","1000000000",
"0x6f7e2dbe57677d43184d26bcf45b0d3726340d14","12650500000",
"0x6fdce346905f733277d90c69cb643e8f3a8ea6e3","13198666203",
"0x7167fea5547a65e961a8f2363b5c821ef8a6f379","150158000000",
"0x726ac495767bc02d0fbf3dcdd4782fca49dafca8","3754217989",
"0x729c53e84a4d51bc604edbe9c5708c14a700284d","1005000000",
"0x72e27f291c527c760d231147774b4ecbb3e730d1","100000000000",
"0x733b023fc0193ef6587a0d879075219409c9ca78","60309246796",
"0x7343c2efd0f00c2c1912c6bd2989cd30085ba647","19637514888",
"0x73ebcb556fc4717546a58d320010047d751a0318","1666652141",
"0x744d6380070ab7e96abc73769617e5c76a926d4c","8533695605",
"0x76174a1a445d73eecdc1c18ef4a71c7c1a3efc9e","2600000005",
"0x76289e319ba3395acb38ebc1d05d10eb9992b342","10012210302",
"0x76756a209b50b04e40d9c95479ed0b811de44237","11659879832",
"0x7720f176fdd3c83cf3be9b659c14b31fd3ad4713","4000000000",
"0x78238cddbbe657d64e3036a4674182a3d0b7b78e","99000990000",
"0x78ac873136bf8bb81c296511e18ba343196f0408","2767843261",
"0x796ecea295d74014d9aee42f0364659a00d9c3dd","4251474854",
"0x7b9fa97b855c704670ef679d03d9c3cac72315e9","2000000000",
"0x7c34e24f843fd304e5494751ab08fa316763c02a","9250418823",
"0x7ca3185c1ae27fc3fe4bc9c9109754d0f3a29507","16907671429",
"0x7cb97c7bf14673001d29fa596d54850f0d067a2a","1186121618",
"0x7ccf9c1fde004e5394b0585c4f350d7b3125224f","5000000000",
"0x7d268c56838b76dcad1ffe1b768612100dd09edc","1000000000",
"0x7fccdd9729d8d129d8447a8c46a8aa5185747674","4874123211",
"0x800f215069d5438a2986c1d4771c3d9d66ed0e0a","10119002318",
"0x821fab0131f1ce75d37efde5295f3064194a394b","5308922742",
"0x82985998dc70e1b34eb64f86dd757a84daef403c","546632022410",
"0x82da4a884d910efa40be2288388a07d65d0b4e28","30000000000",
"0x8342e188ada983615e30a4b6551de0d970090bc3","3950000000",
"0x835ee4e8908a621c2181e461549c1038291535ed","1549828700",
"0x83972badb874f66ba81999940be6404687000015","1530707645",
"0x8487655040ee738b7aa0d869a390c7f146596fe4","12825612391",
"0x8496c437836618c5e298aff7182d451a753074cd","9199688588",
"0x84c1369f5f49387c225629ca5a0a9de5d902e6e2","31028266505",
"0x84dc6309bd5a61fdc5529083993161eca72e6db3","1440000000",
"0x85f2f36e240c5ee0d8fa2bd61c7c1aadfb9dc18e","10898719248",
"0x868cb16d516e701c378c64822c3f1757da24bde0","501988443845",
"0x87082951a48efc4070ecc47924a38c240334f85d","2254586543",
"0x870a50e8c607efc83dbf6564a887ce9c77a12476","3648692829",
"0x870d9f46573f7bc8ebfaf40bbb9f2406efd37888","52578291297",
"0x880fcce43cdc30db035d2a69699fa0ad01168137","19681251478",
"0x8817e6a349763505ba8fa586db942becd09237a3","1000000000",
"0x88b5a1226c989c6d9bfb4d0bf8ab2f71264297bd","10000000000",
"0x894621db3fb859b30ccd2a0d5d932b7dfaad2712","9282900000",
"0x8a4d066cae5918e19d0f1dc99e0bfe9613300116","1080000000",
"0x8a5132f10ee9b5ab0c16e6436edec56499a445f8","85348527160",
"0x8a74f1637994cdeb20ec0bc68fe57be2d7a6162d","299635653608",
"0x8b237c5e922b51d40512325354eeef006216e90d","23925011184",
"0x8b4282b6f22ec50c61baef628c79855f9793d49f","1765757948",
"0x8ba5ff8e9e383c1c9b9b789fa6888825cdfae63e","434366666666",
"0x8bde4214c289812f2b10291ca485256d462ea20c","1400000000",
"0x8bf21e74b19b0ff8a0e2561a27cb8a9bdcdc73e7","156666666666",
"0x8c31532c17c7b5c2bec29f0852683f24baa2661a","4050000000",
"0x8d0dc32ee2ab8295c782a8fced06013060ac4dda","30582372160",
"0x8d46cf6242af85d90cf9822e29a9a470d87b812d","1290000000",
"0x8dee8a4677d70741a338cbb3e724e37b6fee8196","2663400000",
"0x8fe10aa561e57b70bcfcbd8e062add93cade2983","4026500300",
"0x9224148848b426508b179bc60126f7c523fd0b57","5134620252",
"0x92a9c7e55da999a43613357664762432e8e4173b","3426852145",
"0x932e810f77d2718333551f68d1a3fb088ffa862b","22000000000",
"0x94005a25364627718fa0de4babb3e30efa216d66","5000000000",
"0x94661cfb9fc79f2691b1c7bd068a3c72dafb9228","9033938160",
"0x94931b6814c7bd7741e5db6e8ab4aa08a53828d7","6731019251",
"0x95b537e1f2a5c53f7a99f90bfbf73d16c3fc7d0b","1460044272",
"0x95e78df8bc42ef140cbfc40f2a4843d4a68329f3","6520125478",
"0x9634a39ef49623313b316059b47369e7ee12e383","122136992848",
"0x965d16fb1fce166d5e8453fbf46ec8968eb96828","11640080542",
"0x966f6a58e4dcb51fd98676e2ecc5398617716761","307824771876.592",
"0x968d0bcb77512c350b46ad107f6481f263276c13","3655941241",
"0x96ff69d6e0464fe5f3d6da151d4ea63c94b16964","6158713995",
"0x97c3c41da4b8005e404408689f83c989787a4896","18094082013",
"0x98389227dc1c7349085a9d99eaf9082ed9ac2e41","6048343088",
"0x9844e630caec50332bdf4e7accceeab132b8c1bb","29458373757",
"0x988ab413ad8f77eac388ee0f69af98401cf711ca","18724789541",
"0x98971e9eb60ce7b9fd0a00cdb6e90eeafac18899","2854657419",
"0x9910cdce9b34ba8df7d03ca927d43a5d55b0ed81","10225513513",
"0x994074360ca5e1d8313a1cc3d89357382c457585","1000000000",
"0x9952c2f263144be9eff306d21566f6d8671cfa63","3149283571",
"0x997bc6ff6b7b3f67c64d65daa11065dc0a25838b","17090325294",
"0x9b6896627b31811c9382a8a38fa4f61466785555","49949212090",
"0x9bcefe9f1ef05cf4ebc8d01d654489b40521dc5d","2000000000",
"0x9c5c03a3217550393bf540cad1384e10ef4dfba5","12473276929",
"0x9cc7819fe4a022f0a99de6ff89b503faff58baf7","2249124950",
"0x9d9231c08cbcb5514440359c31fef0548668f8a6","3700000000",
"0x9e193352b5e3a9dc0058ab53a31b60299ad2ee96","750000000000",
"0x9e1c7b1c6fcf56ddb423366c20debac0b96cdb62","1741000000",
"0x9e7a80573851379d5b87ff4189b3d022e68e9722","30609715829",
"0x9f5b5855e3266650461992c7880badb89fd9f5df","29217514123",
"0x9ffc716e07bc82f88c430d472964937b832815f1","1987130008",
"0xa018d008f9e44694ec920031e477d649e73ed1f8","52369000140",
"0xa0263c0ea697f31e2b208ec308e6744a914e8f20","2000000000",
"0xa0a78c09142460b778ca6674dc85f2a1aca427d2","125166192051",
"0xa180ce4c25b5bfd59fe9727deb005ed1cac05c1c","26353409077",
"0xa1d6bcb475f3b0848f5961a474c547c28ad06d94","1527880762",
"0xa2285ba9223549e280e5fda22ffad076db28f346","52442528838",
"0xa24b2e8c18f178e970b93b97b735b1052e85578b","1061565928",
"0xa2f85fa2ac7c0b24dcee6dc98ebc54c0904ad84b","1000000000",
"0xa35c51f89febacbb301de406f83d53161e90a753","1000000100",
"0xa364cad341b2013f7d5b1b25f5e30d49684c9c18","1000000000",
"0xa3fc2e649151365c9df8bbffa907ad0875bad8ba","9666606534",
"0xa4114ee919f140579b9017174c03b389b0bca3a5","9893037886",
"0xa49f29038254a9eb1fbeea8e7a604e8401fdf0b3","34227438082",
"0xa4a3c6d1b4eaff6953faa9583c01b71fc9c7b359","32222351276",
"0xa4a431e51d0e074541c78609fb2b9f8f09197f74","26970728472",
"0xa4c03258a50c70bc6dbb0c8944208daa8e4ff382","1000000000",
"0xa596ec3bc59f48f8aa3d7f13f478dd0ccfce8a99","1000000000",
"0xa5bc948b31b5ba8c0f84f4d69882fa901bc01f52","9335946690",
"0xa5e12fcd7e3ed701201b1161926bdd749adedc02","218181818888",
"0xa710d4329fb0cb079ce4bd1784b1126df1a410c7","2284115674",
"0xa833eac306994f39be9f8e013abcc9d579146486","109216159370",
"0xa91c4dc8b4d9d9b20c3e05578a29612d7e0c8fb1","99000000000",
"0xa9b8186724ab4b51171358bc40497a4de24b7f0a","7813891673",
"0xabad665e95299edd8d5ca9491217be939c1f3e8f","40744738044",
"0xac444703fe57874abfe2c84927b8f7e26ae1a545","2000000000",
"0xac6cc8835af9ca61d23b77b26e3647e31025c39c","200000000000",
"0xacfac87d8c77c40f2a35fb21ee7e937d4eb9b0d2","60000000000",
"0xad98160e6111c31b83653ce58c608059c903d1ec","11536480404",
"0xade2e3d3a4b6050ee0a25d1bbbcd0922c965a433","16218671347",
"0xaedb8b6071243c17881ede2a2d32fffdb4ce2b64","2684962215",
"0xb05fef45bdc781f1927e6ce096083db9b936270c","10000000000",
"0xb18447a9a1658b8c6f52107817b53ff8a2889d68","2000000000",
"0xb2489ba5effd9289024a09cbd980e29b1eb7c944","613342526700",
"0xb27aff0b3660277f71d1dd2600763acf84229f0e","4550000000",
"0xb288f00f351adaf29dc356f75bb9ad7e86462a07","1200000000",
"0xb28cad6879a6b3019d6be40418f389cbcb43f7cb","50940194816",
"0xb34ba65e901d1248ea87a1c1d0e4372f22af1f92","2253521478",
"0xb3f68d6b0b4b70880d066b9133e408fec0f801e5","10086633653",
"0xb4c17f013c8574547d8a7affeac8596751818d11","30001000000",
"0xb4cc48cae95e1bbf21a4e54d6400ea2ce3e24f34","50435975118",
"0xb60d598197bdd5e292f150dd625904cf4b121f5d","40000000000",
"0xb76e482037d77a50d5c5f55dd993e006c1e3191b","3000000000",
"0xb7ecc831fe642e6180c787d0fd523d8d6cce8ada","2050000000",
"0xb8217e51b0a755f64b9876329fec303bca2a637c","1110000000",
"0xb848727417ae2cff330529c3ed8371d10e609a3e","63862363071",
"0xb8ef52b2f0e3279e7220faa3cb71d2afe29cc00f","14778005310",
"0xb9ad2510b63d8283deaa7bcac5109f903713a65e","2000000000",
"0xba03b03b4c9b1d431557de72d2a4c4fd3e0c7486","200000000000",
"0xba13c9deddb91057927d3872720ed3f82724857b","75083598417",
"0xba3ac1b9cce766d99e238f807ea57131fd84135b","1904756203",
"0xbae95569dccf45f81781070797f6dc0201b1bece","56004522383",
"0xbb8cf60109537598aaacefede7700b0d635d4b17","3112750363",
"0xbb8eee657b3f191148c3951b3ad329fad25d06d2","68667400057",
"0xbc581b94927723ab658021dc3a78978d0fb7293e","126585769845",
"0xbeec9c36f59397143453f30f8ae5d55e57cd5e9c","1596367951",
"0xbef36c51ec0ce426a1bcb5eb355b1490d3ffc32f","1000000000",
"0xbf3f8b4a41c18fc1d489a0d18f395677e16ae40d","1500000000",
"0xbf5d2da8d5a190d67782237ace9b48fd0265fdfd","17629474532",
"0xbf872baee1277365d89371c2185a94a935677e22","2732675858",
"0xbf93f92a4fef841472292c57141240cd8106e984","16300000000",
"0xbfa4ad3681051b42683dabf44897bf040527b90a","8685436422",
"0xbfcec4a535d91db4920d889e7d830efdd6ffd4b0","21014794079",
"0xc07f2595d2153e8b831cc348bf8c988101a46591","2053730591",
"0xc0a57dc8b2c43b8e78667d0225badf788cf69537","1000000000",
"0xc0faf13f5bb90284919eb5637761adb20c9abc46","44966711191",
"0xc129189158ad99944abd307e105453a31113baa7","29118320369",
"0xc1f07ec9beeb3f1602fa5cd3d68ad3fd54325486","88000000000",
"0xc1fff31f745108822bd70ee2f0f8bf53cc26778c","24941447532",
"0xc244fbc75c411f7a93701f136dbca71502cd83cc","12304713576",
"0xc2f86340253010c7a3f3bfcc9885d47a5a6f3862","3465000000",
"0xc37f242ed24a2077475e453a2eb82f7f0754d89e","125630248962",
"0xc393abe329d7e7401efcf3d39af2431544a2d96a","2600000000",
"0xc3c02f99cbc2f70f1ff7ee969657230d154e9016","1000000000",
"0xc3d64568f831fe01de8253b15bcd1eb86cfbbb1b","9601628873",
"0xc5cfa8d0e9077226919f683371498d4f9ca93742","2100003737",
"0xc682138afa3a20e5028bf2c94d1db85dc13dee71","1230000000",
"0xc68cfbd62010b5d09ec64b487e22377a5c47a226","1920490883",
"0xc698f7e28aa8ca31e30916af696c1101a45baa38","1000000000",
"0xc78e4b22c48484204208eb072942ffb375e1dc4e","1321064148",
"0xc7be44b32cf00c3f238d40b61cd7a77d1d2bcebb","1000000000",
"0xc827cc490ecb508f0a46ef3aaa33e51f9f7d6b5e","1500000000",
"0xc856f1d3e735d999690a9f489e22b227a6d6cccc","7956838556",
"0xc8636674adcfb59643d837d5f7e268757790d80c","87096223945",
"0xc863f285a8f818798c1f06f510ec0a339958fd45","14800079896",
"0xc910712605549237f34120dc1c51aa9186cbebc9","5000000000",
"0xc930e381e4ed67df4f3f8f977aceac277d59b3b9","4806455964",
"0xc9512de37d08f4026e5380fd5c25f87300f36fec","3445313481",
"0xcac51c62faa108011f9b4b050358cf9aa06f5c1c","212012613539",
"0xcb5b4e55728dafe3c253a19993e0fb573de1658a","12659982567",
"0xcb8aa91c26c13b9068633e739f61adfd2818f1db","3951123247",
"0xcc8e744fbf08b6a83a591378393efb2e57f2cbd6","20000000000",
"0xcca2036ca29e446724d98034cbf4878d85db3b6e","387481633847",
"0xcd9bc74f2cd31bf2c2782c6fe6e059dc4f331de7","33982984062",
"0xce36b7ddde423a67183c612f1894a649afe52c34","14926600377",
"0xceb3a6102a3739e6e500cd18807edf2eeac376e3","5000000000",
"0xcec13d83b0a3754f7237192ea20d274e940548e9","4602270412",
"0xd007ec23e67d5627f40fd4a4d9327662c832c76b","1000000000",
"0xd07e193f11035194b5a21d297abf75fbec30f87c","6000000000",
"0xd0ff00f9ab0c4fe564b8ca29e60c6205217fbb32","1712934699",
"0xd1d66c0924b8215ad97d202f5736df15fde0508e","152183723648",
"0xd21931181a3fef2ffb8e7c890b60615cc5fc2f50","1550000000",
"0xd228225ff3c0c4a380ff34be11a646a7786125c2","1380000000",
"0xd252a72e3d7d0b31f880dc7be2356315df3e8daa","1200000000",
"0xd2563443959b209f78201169530fa9606abf04ee","100000000000",
"0xd2ddce0e434c01e0574bee94524cd9c48f64fb4e","2800000000",
"0xd306d99a951e05d48920479253566174712daa4e","443138918304",
"0xd4fce2a224501530dc46ccb94aa91ec10886aaa2","27343282815",
"0xd519eae90ed02ae07519e0008ccc9955eb5a0002","188383217037",
"0xd6f44ba34528c9c7d488947237c9d03063ba2e5a","5000000000",
"0xd71d36fd69824ddf76b396b8e652e8eec374d349","126933796300",
"0xd77260a47e19d68f08673632621fba31ed665ee8","1239178693",
"0xd8bbb2e6422ef182785b4e2005a2d051d4d9a366","5000000000",
"0xd8d5347cd3176c0f3ff1f2956fd148435f9f5c54","3545818653",
"0xd8da7b2784ce39e4af4e06bdeeb41f6f97def44e","310000704130",
"0xd937d11b760e9cdfd10890aa1b5afc42efcde922","84180063308",
"0xd9cb917e1a86b79733a0c9c6f82832381f334c6f","1000000000",
"0xda1c278b67fd73f54284e9770d061e8f9e4ed0e2","7173283222",
"0xdaafc0d617458ed1b45ac1b18c6acfde972ccae7","1000000000",
"0xdbf0f150928cf891c59870c01b9e59a80acb944c","1110000000",
"0xdc0e6bf29e38e6afaf47032c859d347bb3bdc00e","48102645282",
"0xdc9136d74800d5cf915afe3f50382bc78e32b545","1048221373",
"0xdd9248df3ab7e196527b057c8711bcae88f5bd85","5000000000",
"0xde2648aa8c27cbab3e6c43901d92dc43623f509a","4854569874",
"0xdea0b3aa13049f2415f7a849ca3b66a3f605fa93","20319973250",
"0xe00c8e03cd45b32deb054e466eb42ebb08a22d36","120000000000",
"0xe0d49dd67d1f7b671b7a2d2b34d3bf0631649024","301648079864",
"0xe11cedb8cda7697ed110aef64b2878789993f3e8","3265478413",
"0xe127268e51d2fa8fbb26a20291f78d761ee4f46c","4078739577",
"0xe12faedf5c7449f47bc3915b6b0aae6d405628ba","15299744505",
"0xe21edca610e75d94c03c2c1684e65ab147de16f5","66000000000",
"0xe243a3d679c97586f3edf1a3b14b340b06d1f3d6","35902979779",
"0xe262505edef83c8d153268e260cd8423c91611f1","2000000000",
"0xe613cf04051cf74ce64313083748cd1366b8abe9","9563271033",
"0xe6778c237d4f397480da988382b2cd118d3aeee8","133720782367",
"0xe696b1499ecea75e6b229b99ff6b09c4725076c4","1220000000",
"0xe7925e1b43aabfb526a30c2e3c9aae721ac8c81e","357908888888",
"0xe7c378b5b9f9758e2b66e82f4ada5b2e7a7055a9","10535694098",
"0xe805bac463d3d902a98863ceea8e787384823052","12014680010",
"0xe899290b58db5ae5ced13743c3ffaa21d1ed110d","36507203885",
"0xe8ff69acd7747ef7935e9285c5c144cd2831f7aa","22700000000",
"0xea2d6bbf10f19a59d4f5a3006b617d8b6162134e","42860892082",
"0xea2f9e02b75eddb59dcb3d0a955ec2d4a8857652","2803234034",
"0xea68dacc71ac4ea2e340d328d099d9c97e0ab265","1804425372",
"0xeb4623141762df5827acdf80a1994257b61d395d","92682439150",
"0xebf179516809458ee1fffc914ef0e145e536523f","26411181897",
"0xec096e93060424f898683d2af7b3c40cdc92e5e2","8743964842",
"0xed531dade2294c20a6368cab9199bdf184ec70e6","7607151814",
"0xee21a94308a213d7e7112235b3c1c644de7a23b8","6542385201",
"0xee981317669592b887abff9f104433a04a2ac39c","1215000000",
"0xef5e06f88c9eed2ffd99cc3f26472daee6c5544f","13569674611",
"0xef9e240a5fd3e453cd2a647c2d595f1d5a15d022","1350000000",
"0xf082c8084671f1bb7d35e5c63a6a71d40003556e","300000001450",
"0xf0bde7c80e711ffe6bc3716e783b47d16b831812","379308336103",
"0xf1888092f6de540c140e3d2fffdcf37250096163","30663501331",
"0xf24695dea692f93dd5c1dce6d93ddc12a10afaa6","1000000000",
"0xf34d5017bd866c93d32c025c46694dbe426ac12e","9776882234",
"0xf3fc1adf8d844cd153413a6bc9b1ba45205e02a1","1270354343",
"0xf445c1dadef238ef61180297407a19410d33bef5","12330352594",
"0xf5c104e552c165c66da0d2a0397c56f6541a59c0","29917085256",
"0xf684850c4f8da57da4fa5524302bf06a506d8bf6","3378596555",
"0xf6a7039c74d925bad8bde0af902056c6ca599d5a","51893201698",
"0xf7272983da0acc922a9d328d17952d22bfcbad80","201339207779",
"0xf72ddcda7a3125955ab354650fba25548c1640fe","1160000000",
"0xf7f364acce04567ddc8a627c5d6c5df57b878429","5000000000",
"0xf8046bfb0aa31f1793189906d7c914bca976563a","20011149359",
"0xf8d233adc57a3fb78e89e1a92313eb81c3f80d46","2400005650",
"0xf928f0ea0c6c88a817754715a071ab62fa6bfa49","837750454908",
"0xfae7dba2786df40ab1c4a59b6810611cb740be1e","50000000000",
"0xfc10786df720fd1394ea2c36c3d87d9bd7ad2c8a","12000000000",
"0xfc3f8da4e980bb5a74d4f79ab4670ee281897e0c","22848282169",
"0xfd191d9c5c344b04ee5bd43d784eca41fd729dcd","1060000000",
"0xfd8d91123e1c4d998035d4e6957569da750006f0","5968552096",
"0xfe8ca9f87755f5e3b5e2a883cbb26101dd9bf888","34926119293",
"0xfed82d2aa8bdaf9b5591f19cd8c0a86721863c78","1020000000",
"0xfee2bfbf80d3d8222a323adac8b3d82a2a29f68f","85484025734",
"0xff183e2eb3d4f083062a619ef2fa9992fa156209","32998511162",
"0xffd2e6aed4b028a184e6743c382b0958addf5737","1320000000",
